﻿<?xml version="1.0" encoding="utf-8"?>
<manifest package="com.xamarin.essentials" version="1.0.0" api-version="4" xmlns="http://tizen.org/ns/packages">
    <profile name="common" />
    <ui-application appid="com.xamarin.essentials" exec="Samples.Tizen.dll" multiple="false" nodisplay="false" taskmanage="true" type="dotnet" splash-screen-display="true" launch_mode="single">
        <label>Xamarin.Essentials</label>
        <icon>Samples.Tizen.png</icon>
        <metadata key="http://tizen.org/metadata/prefer_dotnet_aot" value="true" />
        <splash-screens />
    </ui-application>
    <shortcut-list />
    <privileges>
        <privilege>http://tizen.org/privilege/appdir.shareddata</privilege>
        <privilege>http://tizen.org/privilege/appmanager.launch</privilege>
        <privilege>http://tizen.org/privilege/contact.read</privilege>
        <privilege>http://tizen.org/privilege/externalstorage</privilege>
        <privilege>http://tizen.org/privilege/externalstorage.appdata</privilege>
        <privilege>http://tizen.org/privilege/haptic</privilege>
        <privilege>http://tizen.org/privilege/internet</privilege>
        <privilege>http://tizen.org/privilege/led</privilege>
        <privilege>http://tizen.org/privilege/location</privilege>
        <privilege>http://tizen.org/privilege/mapservice</privilege>
        <privilege>http://tizen.org/privilege/mediastorage</privilege>
        <privilege>http://tizen.org/privilege/message.read</privilege>
        <privilege>http://tizen.org/privilege/network.get</privilege>
        <privilege>http://tizen.org/privilege/systemsettings</privilege>
        <privilege>http://tizen.org/privilege/display</privilege>
    </privileges>
    <dependencies />
    <provides-appdefined-privileges />
    <feature name="http://tizen.org/feature/location">true</feature>
    <feature name="http://tizen.org/feature/location.gps">true</feature>
    <feature name="http://tizen.org/feature/location.wps">true</feature>
    <feature name="http://tizen.org/feature/maps">true</feature>
    <feature name="http://tizen.org/feature/speech.synthesis">true</feature>
    <feature name="http://tizen.org/feature/contact">true</feature>
</manifest>
