{
  "docsets_to_publish": [
    {
      "docset_name": "XamarinEssentials",
      "build_source_folder": "docs/en",
      "build_output_subfolder": "XamarinEssentials",
      "locale": "en-us",
      "monikers": [],
      "moniker_ranges": [],
      "open_to_public_contributors": true,
      "type_mapping": {
        "Conceptual": "Content",
        "ManagedReference": "Content",
        "NetEnum": "Content",
        "NetDelegate": "Content",
        "NetNamespace": "Content",
        "NetMember": "Content",
        "NetType": "Content",
        "RestApi": "Content"
      },
      "build_entry_point": "docs",
      "template_folder": "_themes",
      "base_path": "dotnet",
      "site_name": "Docs",
      "customized_tasks": {
        "docset_prebuild": [
          "_dependentPackages/ECMA2Yaml/tools/Run.ps1",
          "_dependentPackages/CommonPlugins/tools/SplitTOC.ps1",
          "_dependentPackages/CommonPlugins/tools/DiffFolder.ps1"
        ],
        "docset_postbuild": [
          "_dependentPackages/ECMA2Yaml/tools/PostBuild.ps1"
        ]
      },
      "ECMA2Yaml": {
        "SourceXmlFolder": "docs/en",
        "OutputYamlFolder": "docs/en/api",
        "Flatten": true,
        "id": "XamarinEssentials",
        "SDPMode": true
      },
      "SplitTOC": [
        "docs/en/api/XamarinEssentials/toc.yml"
      ],
      "DiffFolder": [
        "docs/en/api"
      ]
    }
  ],
  "notification_subscribers": [],
  "sync_notification_subscribers": null,
  "branches_to_filter": [],
  "skip_source_output_uploading": false,
  "need_preview_pull_request": false,
  "need_pr_comments": false,
  "contribution_branch_mappings": {},
  "dependent_repositories": [
    {
      "path_to_root": "_themes",
      "url": "https://github.com/Microsoft/templates.docs.msft",
      "branch": "main",
      "branch_mapping": {}
    }
  ],
  "branch_target_mapping": {},
  "need_generate_pdf_url_template": false,
  "need_generate_pdf": false,
  "need_generate_intellisense": false,
  "dependent_packages": [
    {
      "id": "Microsoft.OpenPublishing.CommonPlugins",
      "nuget_feed": "https://www.myget.org/F/op/api/v2",
      "path_to_root": "_dependentPackages/CommonPlugins",
      "target_framework": "net45",
      "version": "latest"
    },
    {
      "id": "Microsoft.DocAsCode.ECMA2Yaml",
      "nuget_feed": "https://www.myget.org/F/op/api/v2",
      "path_to_root": "_dependentPackages/ECMA2Yaml",
      "target_framework": "net45",
      "version": "latest"
    }
  ],
  "docs_build_engine": {
    "name": "docfx_v3"
  }
}