{
    "problemMatcher": [
        {
            "owner": "msvc",
            "pattern": [
                {
                    "regexp": "^(?:\\s+\\d+\\>)?([^\\s].*)\\((\\d+),?(\\d+)?(?:,\\d+,\\d+)?\\)\\s*:\\s+(error|warning|info)\\s+(\\w{1,2}\\d+)\\s*:\\s*(.*)$",
                    "file": 1,
                    "line": 2,
                    "column": 3,
                    "severity": 4,
                    "code": 5,
                    "message": 6
                }
            ]
        }
    ]
}