{
  "images": [
    {
      "appearances": [],
      "scale": "1x",
      "idiom": "universal",
      "filename": "baseline_date_range_black_24pt_1x.png"
    },
    {
      "appearances": [],
      "scale": "2x",
      "idiom": "universal",
      "filename": "baseline_date_range_black_24pt_2x.png"
    },
    {
      "appearances": [],
      "scale": "3x",
      "idiom": "universal",
      "filename": "baseline_date_range_black_24pt_3x.png"
    }
  ],
  "properties": {},
  "info": {
    "version": 1,
    "author": "xcode",
    "template-rendering-intent": "template"
  }
}