{
  "IsEncrypted": false,
  "Values": {
    "FUNCTIONS_WORKER_RUNTIME": "dotnet-isolated",
    "AzureWebJobsStorage": "UseDevelopmentStorage=true",
    "iOSCSProjPath": "/GitTrends.iOS/GitTrends.iOS.csproj",
    "UITestCSProjPath": "/GitTrends.UITests/GitTrends.UITests.csproj",
    "AndroidCSProjPath": "/GitTrends.Android/GitTrends.Android.csproj",
    "UnitTestCSProjPath": "/GitTrends.UnitTests/GitTrends.UnitTests.csproj",
    "GitTrendsCSProjPath": "/GitTrends/GitTrends.csproj",
    "FunctionsCSProjPath": "/GitTrends.Functions/GitTrends.Functions.csproj",
    "MobileCommonCSProjPath": "/GitTrends.Mobile.Common/GitTrends.Mobile.Common.csproj",
    "EnableOrganizationsUrl": "https://github.com/settings/connections/applications/"
  }
}
